ts_code,detect_date
002552.SZ,20250410
002913.SZ,20250410
301148.SZ,20250410
600483.SH,20250410
000025.SZ,20250418
600382.SH,20250507
603588.SH,20250519
002366.SZ,20250529
300587.SZ,20250609
605167.SH,20250616
002430.SZ,20250704
000506.SZ,20250708
600392.SH,20250711
000777.SZ,20250714
000825.SZ,20250721
601611.SH,20250721
000922.SZ,20250722
603169.SH,20250723
002639.SZ,20250724
605088.SH,20250728
300584.SZ,20250805
000688.SZ,20250811
001203.SZ,20250811
002340.SZ,20250811
600338.SH,20250811
600425.SH,20250811
600444.SH,20250811
600581.SH,20250812
000792.SZ,20250818
001360.SZ,20250818
002466.SZ,20250818
300814.SZ,20250818
603132.SH,20250818
605020.SH,20250818
002645.SZ,20250819
002576.SZ,20250820
301282.SZ,20250820
603657.SH,20250820
002056.SZ,20250821
002315.SZ,20250821
002714.SZ,20250821
300777.SZ,20250821
600660.SH,20250821
601319.SH,20250821
605296.SH,20250821
002080.SZ,20250822
002177.SZ,20250822
002212.SZ,20250822
002838.SZ,20250822
003023.SZ,20250822
300113.SZ,20250822
300314.SZ,20250822
300324.SZ,20250822
301035.SZ,20250822
600031.SH,20250822
600315.SH,20250822
600475.SH,20250822
600633.SH,20250822
600728.SH,20250822
603187.SH,20250822
603227.SH,20250822
603897.SH,20250822
603966.SH,20250822
605028.SH,20250822
605255.SH,20250822
605303.SH,20250822
000070.SZ,20250825
000157.SZ,20250825
000426.SZ,20250825
000586.SZ,20250825
000630.SZ,20250825
000779.SZ,20250825
000791.SZ,20250825
000837.SZ,20250825
000933.SZ,20250825
000960.SZ,20250825
000975.SZ,20250825
001267.SZ,20250825
001339.SZ,20250825
002057.SZ,20250825
002080.SZ,20250825
002091.SZ,20250825
002190.SZ,20250825
002272.SZ,20250825
002290.SZ,20250825
002378.SZ,20250825
002402.SZ,20250825
002491.SZ,20250825
002527.SZ,20250825
002571.SZ,20250825
002580.SZ,20250825
002611.SZ,20250825
002706.SZ,20250825
002716.SZ,20250825
002767.SZ,20250825
002821.SZ,20250825
003015.SZ,20250825
300003.SZ,20250825
300066.SZ,20250825
300083.SZ,20250825
300233.SZ,20250825
300265.SZ,20250825
300329.SZ,20250825
300353.SZ,20250825
300416.SZ,20250825
300420.SZ,20250825
300687.SZ,20250825
300697.SZ,20250825
300715.SZ,20250825
300738.SZ,20250825
300753.SZ,20250825
300857.SZ,20250825
300863.SZ,20250825
300947.SZ,20250825
300953.SZ,20250825
301082.SZ,20250825
301322.SZ,20250825
301377.SZ,20250825
301396.SZ,20250825
600058.SH,20250825
600095.SH,20250825
600105.SH,20250825
600111.SH,20250825
600120.SH,20250825
600490.SH,20250825
600531.SH,20250825
600539.SH,20250825
600547.SH,20250825
600589.SH,20250825
600666.SH,20250825
600728.SH,20250825
600797.SH,20250825
600875.SH,20250825
600885.SH,20250825
600888.SH,20250825
600961.SH,20250825
600988.SH,20250825
601059.SH,20250825
601608.SH,20250825
601789.SH,20250825
601899.SH,20250825
603031.SH,20250825
603070.SH,20250825
603081.SH,20250825
603118.SH,20250825
603119.SH,20250825
603163.SH,20250825
603228.SH,20250825
603259.SH,20250825
603267.SH,20250825
603300.SH,20250825
603379.SH,20250825
603456.SH,20250825
603716.SH,20250825
603898.SH,20250825
603958.SH,20250825
603979.SH,20250825
603989.SH,20250825
603993.SH,20250825
605303.SH,20250825
000758.SZ,20250826
000807.SZ,20250826
001359.SZ,20250826
002600.SZ,20250826
002627.SZ,20250826
002658.SZ,20250826
002676.SZ,20250826
002690.SZ,20250826
002811.SZ,20250826
300005.SZ,20250826
300042.SZ,20250826
300139.SZ,20250826
300206.SZ,20250826
300286.SZ,20250826
300605.SZ,20250826
300971.SZ,20250826
301603.SZ,20250826
301607.SZ,20250826
600113.SH,20250826
600262.SH,20250826
600389.SH,20250826
600526.SH,20250826
600558.SH,20250826
600704.SH,20250826
600761.SH,20250826
603057.SH,20250826
603201.SH,20250826
603815.SH,20250826
603929.SH,20250826
603987.SH,20250826
000590.SZ,20250827
001216.SZ,20250827
002048.SZ,20250827
002082.SZ,20250827
002261.SZ,20250827
002487.SZ,20250827
002950.SZ,20250827
300073.SZ,20250827
300143.SZ,20250827
300150.SZ,20250827
300244.SZ,20250827
300428.SZ,20250827
300496.SZ,20250827
301330.SZ,20250827
600284.SH,20250827
601033.SH,20250827
603181.SH,20250827
603360.SH,20250827
603798.SH,20250827
603859.SH,20250827
603950.SH,20250827
002250.SZ,20250828
300435.SZ,20250828
301183.SZ,20250828
600211.SH,20250828
601877.SH,20250828
603893.SH,20250828
605188.SH,20250828
000603.SZ,20250829
000737.SZ,20250829
000831.SZ,20250829
000892.SZ,20250829
000920.SZ,20250829
000962.SZ,20250829
001222.SZ,20250829
002115.SZ,20250829
002195.SZ,20250829
002244.SZ,20250829
002384.SZ,20250829
002484.SZ,20250829
002564.SZ,20250829
002669.SZ,20250829
002837.SZ,20250829
002926.SZ,20250829
002957.SZ,20250829
300007.SZ,20250829
300043.SZ,20250829
300132.SZ,20250829
300450.SZ,20250829
300701.SZ,20250829
300709.SZ,20250829
300797.SZ,20250829
300852.SZ,20250829
300955.SZ,20250829
300972.SZ,20250829
300973.SZ,20250829
300988.SZ,20250829
300990.SZ,20250829
301021.SZ,20250829
301065.SZ,20250829
301150.SZ,20250829
301177.SZ,20250829
301178.SZ,20250829
301186.SZ,20250829
301196.SZ,20250829
301257.SZ,20250829
301365.SZ,20250829
301389.SZ,20250829
301448.SZ,20250829
301488.SZ,20250829
600114.SH,20250829
600156.SH,20250829
600160.SH,20250829
600176.SH,20250829
600230.SH,20250829
600287.SH,20250829
600362.SH,20250829
600435.SH,20250829
600489.SH,20250829
600651.SH,20250829
600711.SH,20250829
600928.SH,20250829
601319.SH,20250829
601336.SH,20250829
601601.SH,20250829
601717.SH,20250829
601869.SH,20250829
601991.SH,20250829
603020.SH,20250829
603068.SH,20250829
603087.SH,20250829
603177.SH,20250829
603217.SH,20250829
603269.SH,20250829
603610.SH,20250829
603948.SH,20250829
603966.SH,20250829
605006.SH,20250829
605255.SH,20250829
605288.SH,20250829
000426.SZ,20250901
000603.SZ,20250901
000988.SZ,20250901
001337.SZ,20250901
002028.SZ,20250901
002074.SZ,20250901
002237.SZ,20250901
002266.SZ,20250901
002281.SZ,20250901
002315.SZ,20250901
002484.SZ,20250901
002763.SZ,20250901
002989.SZ,20250901
300139.SZ,20250901
300213.SZ,20250901
300249.SZ,20250901
300324.SZ,20250901
300353.SZ,20250901
300450.SZ,20250901
300458.SZ,20250901
300468.SZ,20250901
300475.SZ,20250901
300593.SZ,20250901
300682.SZ,20250901
300731.SZ,20250901
300950.SZ,20250901
301031.SZ,20250901
301193.SZ,20250901
600063.SH,20250901
600089.SH,20250901
600226.SH,20250901
600319.SH,20250901
600353.SH,20250901
600489.SH,20250901
600673.SH,20250901
600711.SH,20250901
600797.SH,20250901
600988.SH,20250901
601116.SH,20250901
601696.SH,20250901
601929.SH,20250901
603115.SH,20250901
603177.SH,20250901
603203.SH,20250901
603289.SH,20250901
603316.SH,20250901
603565.SH,20250901
603590.SH,20250901
603936.SH,20250901
603948.SH,20250901
603949.SH,20250901
605118.SH,20250901
605133.SH,20250901
605138.SH,20250901
605298.SH,20250901
002248.SZ,20250902
002532.SZ,20250902
002716.SZ,20250902
002846.SZ,20250902
300690.SZ,20250902
300971.SZ,20250902
301310.SZ,20250902
600021.SH,20250902
600531.SH,20250902
600737.SH,20250902
601022.SH,20250902
601212.SH,20250902
601958.SH,20250902
603032.SH,20250902
603200.SH,20250902
603500.SH,20250902
603881.SH,20250902
605288.SH,20250902
002975.SZ,20250903
300092.SZ,20250903
601069.SH,20250903
605255.SH,20250903
601678.SH,20250905
000655.SZ,20250908
000881.SZ,20250908
002171.SZ,20250908
002460.SZ,20250908
002901.SZ,20250908
002978.SZ,20250908
300082.SZ,20250908
300611.SZ,20250908
301150.SZ,20250908
301225.SZ,20250908
601677.SH,20250908
000757.SZ,20250909
600988.SH,20250909
000988.SZ,20250911
002080.SZ,20250911
002313.SZ,20250911
002384.SZ,20250911
002463.SZ,20250911
002516.SZ,20250911
003022.SZ,20250911
300153.SZ,20250911
300308.SZ,20250911
300395.SZ,20250911
301248.SZ,20250911
301397.SZ,20250911
601116.SH,20250911
601138.SH,20250911
603151.SH,20250911
603256.SH,20250911
605069.SH,20250911
000032.SZ,20250912
000070.SZ,20250912
000592.SZ,20250912
000603.SZ,20250912
000612.SZ,20250912
000737.SZ,20250912
000807.SZ,20250912
000878.SZ,20250912
000880.SZ,20250912
000933.SZ,20250912
001202.SZ,20250912
001309.SZ,20250912
002062.SZ,20250912
002335.SZ,20250912
002379.SZ,20250912
002436.SZ,20250912
002491.SZ,20250912
002515.SZ,20250912
002527.SZ,20250912
002532.SZ,20250912
002578.SZ,20250912
002642.SZ,20250912
002772.SZ,20250912
002798.SZ,20250912
002863.SZ,20250912
002905.SZ,20250912
002968.SZ,20250912
300244.SZ,20250912
300252.SZ,20250912
300324.SZ,20250912
300373.SZ,20250912
300670.SZ,20250912
300697.SZ,20250912
300738.SZ,20250912
300852.SZ,20250912
300895.SZ,20250912
301002.SZ,20250912
301308.SZ,20250912
600067.SH,20250912
600106.SH,20250912
600172.SH,20250912
600353.SH,20250912
600362.SH,20250912
600521.SH,20250912
600595.SH,20250912
600601.SH,20250912
600629.SH,20250912
600633.SH,20250912
600651.SH,20250912
600704.SH,20250912
600846.SH,20250912
601168.SH,20250912
601208.SH,20250912
601518.SH,20250912
601619.SH,20250912
603083.SH,20250912
603161.SH,20250912
603203.SH,20250912
603228.SH,20250912
603359.SH,20250912
603516.SH,20250912
603698.SH,20250912
603881.SH,20250912
603888.SH,20250912
603979.SH,20250912
603986.SH,20250912
603993.SH,20250912
605289.SH,20250912
000737.SZ,20250915
001309.SZ,20250915
002330.SZ,20250915
002392.SZ,20250915
002471.SZ,20250915
002703.SZ,20250915
300750.SZ,20250915
300813.SZ,20250915
301099.SZ,20250915
600531.SH,20250915
600601.SH,20250915
600977.SH,20250915
603050.SH,20250915
603127.SH,20250915
605319.SH,20250915
000428.SZ,20250916
000700.SZ,20250916
000967.SZ,20250916
001230.SZ,20250916
002172.SZ,20250916
002183.SZ,20250916
002279.SZ,20250916
002310.SZ,20250916
300013.SZ,20250916
300043.SZ,20250916
300299.SZ,20250916
300815.SZ,20250916
300953.SZ,20250916
301419.SZ,20250916
301607.SZ,20250916
600054.SH,20250916
600173.SH,20250916
600629.SH,20250916
603083.SH,20250916
603199.SH,20250916
603266.SH,20250916
603528.SH,20250916
603617.SH,20250916
603655.SH,20250916
603959.SH,20250916
605303.SH,20250916
002126.SZ,20250917
002222.SZ,20250917
002249.SZ,20250917
002338.SZ,20250917
002472.SZ,20250917
002549.SZ,20250917
002562.SZ,20250917
002611.SZ,20250917
002617.SZ,20250917
002796.SZ,20250917
300007.SZ,20250917
300115.SZ,20250917
300260.SZ,20250917
300469.SZ,20250917
300809.SZ,20250917
301002.SZ,20250917
301008.SZ,20250917
301100.SZ,20250917
301287.SZ,20250917
301392.SZ,20250917
301499.SZ,20250917
600410.SH,20250917
600895.SH,20250917
603275.SH,20250917
603286.SH,20250917
603308.SH,20250917
603809.SH,20250917
603906.SH,20250917
605299.SH,20250917
605588.SH,20250917
000559.SZ,20250918
002050.SZ,20250918
002067.SZ,20250918
301013.SZ,20250918
301421.SZ,20250918
600376.SH,20250918
600699.SH,20250918
603626.SH,20250918
603988.SH,20250918
001234.SZ,20250919
002272.SZ,20250919
002402.SZ,20250919
002468.SZ,20250919
002674.SZ,20250919
600498.SH,20250919
600706.SH,20250919
601869.SH,20250919
603519.SH,20250919
603618.SH,20250919
603686.SH,20250919
605255.SH,20250919
001337.SZ,20250922
002222.SZ,20250922
002246.SZ,20250922
002543.SZ,20250922
002549.SZ,20250922
002716.SZ,20250922
300501.SZ,20250922
300657.SZ,20250922
300846.SZ,20250922
300867.SZ,20250922
600489.SH,20250922
600509.SH,20250922
600857.SH,20250922
601069.SH,20250922
603618.SH,20250922
603686.SH,20250922
603798.SH,20250922
000975.SZ,20250923
002249.SZ,20250923
002402.SZ,20250923
002515.SZ,20250923
002706.SZ,20250923
300001.SZ,20250923
300250.SZ,20250923
300969.SZ,20250923
301086.SZ,20250923
301095.SZ,20250923
301217.SZ,20250923
600105.SH,20250923
600416.SH,20250923
600797.SH,20250923
603061.SH,20250923
605255.SH,20250923
000685.SZ,20250924
001208.SZ,20250924
001230.SZ,20250924
002040.SZ,20250924
002060.SZ,20250924
002207.SZ,20250924
300164.SZ,20250924
300483.SZ,20250924
300604.SZ,20250924
300666.SZ,20250924
600167.SH,20250924
600635.SH,20250924
600895.SH,20250924
603087.SH,20250924
605338.SH,20250924
000060.SZ,20250925
000571.SZ,20250925
000630.SZ,20250925
000737.SZ,20250925
000969.SZ,20250925
000977.SZ,20250925
000988.SZ,20250925
002029.SZ,20250925
002153.SZ,20250925
002195.SZ,20250925
002255.SZ,20250925
002294.SZ,20250925
002298.SZ,20250925
002326.SZ,20250925
002453.SZ,20250925
002471.SZ,20250925
002922.SZ,20250925
300111.SZ,20250925
300339.SZ,20250925
300354.SZ,20250925
300442.SZ,20250925
300571.SZ,20250925
300617.SZ,20250925
300697.SZ,20250925
300926.SZ,20250925
300963.SZ,20250925
301137.SZ,20250925
301189.SZ,20250925
301191.SZ,20250925
301199.SZ,20250925
301202.SZ,20250925
301235.SZ,20250925
301289.SZ,20250925
301500.SZ,20250925
600063.SH,20250925
600276.SH,20250925
600353.SH,20250925
600363.SH,20250925
600468.SH,20250925
601609.SH,20250925
603011.SH,20250925
603081.SH,20250925
603090.SH,20250925
603118.SH,20250925
603150.SH,20250925
603527.SH,20250925
603823.SH,20250925
603979.SH,20250925
603993.SH,20250925
605189.SH,20250925
605277.SH,20250925
000987.SZ,20250926
002049.SZ,20250926
002295.SZ,20250926
002510.SZ,20250926
002803.SZ,20250926
600025.SH,20250926
600403.SH,20250926
600459.SH,20250926
600769.SH,20250926
601619.SH,20250926
603083.SH,20250926
603156.SH,20250926
603313.SH,20250926
000973.SZ,20250929
001209.SZ,20250929
001258.SZ,20250929
002011.SZ,20250929
002073.SZ,20250929
002132.SZ,20250929
002140.SZ,20250929
002895.SZ,20250929
002925.SZ,20250929
002941.SZ,20250929
300904.SZ,20250929
301099.SZ,20250929
301290.SZ,20250929
600367.SH,20250929
600810.SH,20250929
601218.SH,20250929
000408.SZ,20250930
000426.SZ,20250930
000603.SZ,20250930
000878.SZ,20250930
000923.SZ,20250930
000960.SZ,20250930
001309.SZ,20250930
002125.SZ,20250930
002155.SZ,20250930
002407.SZ,20250930
002513.SZ,20250930
002527.SZ,20250930
002759.SZ,20250930
300475.SZ,20250930
300948.SZ,20250930
301209.SZ,20250930
301308.SZ,20250930
301366.SZ,20250930
301518.SZ,20250930
600096.SH,20250930
600362.SH,20250930
600456.SH,20250930
600490.SH,20250930
600629.SH,20250930
600711.SH,20250930
600728.SH,20250930
601061.SH,20250930
601127.SH,20250930
601168.SH,20250930
601899.SH,20250930
603026.SH,20250930
603799.SH,20250930
605376.SH,20250930
000506.SZ,20251009
000923.SZ,20251009
002895.SZ,20251009
300584.SZ,20251009
300611.SZ,20251009
600888.SH,20251009
601061.SH,20251009
603132.SH,20251009
000726.SZ,20251015
300904.SZ,20251022
000792.SZ,20251024
000737.SZ,20251027
000582.SZ,20251104
000722.SZ,20251104
000777.SZ,20251104
002134.SZ,20251104
002181.SZ,20251104
002555.SZ,20251104
002885.SZ,20251104
002911.SZ,20251104
003011.SZ,20251104
300402.SZ,20251104
600249.SH,20251104
600308.SH,20251104
600977.SH,20251104
601890.SH,20251104
603169.SH,20251104
603312.SH,20251104
603823.SH,20251104
000572.SZ,20251105
000592.SZ,20251105
603616.SH,20251105
000533.SZ,20251106
000720.SZ,20251106
000809.SZ,20251106
002300.SZ,20251106
002310.SZ,20251106
002562.SZ,20251106
002782.SZ,20251106
300062.SZ,20251106
300109.SZ,20251106
300511.SZ,20251106
301548.SZ,20251106
600089.SH,20251106
600522.SH,20251106
601877.SH,20251106
603105.SH,20251106
603530.SH,20251106
603929.SH,20251106
605060.SH,20251106
605123.SH,20251106
000514.SZ,20251107
000534.SZ,20251107
001309.SZ,20251107
002170.SZ,20251107
002176.SZ,20251107
002186.SZ,20251107
002196.SZ,20251107
002255.SZ,20251107
002518.SZ,20251107
002709.SZ,20251107
600506.SH,20251107
600691.SH,20251107
603516.SH,20251107
603978.SH,20251107
000703.SZ,20251110
000756.SZ,20251110
000830.SZ,20251110
001209.SZ,20251110
002038.SZ,20251110
002091.SZ,20251110
002413.SZ,20251110
002658.SZ,20251110
002731.SZ,20251110
002950.SZ,20251110
300072.SZ,20251110
300437.SZ,20251110
300635.SZ,20251110
600078.SH,20251110
600096.SH,20251110
600426.SH,20251110
600537.SH,20251110
600645.SH,20251110
600726.SH,20251110
600875.SH,20251110
600939.SH,20251110
601969.SH,20251110
603612.SH,20251110
603663.SH,20251110
605598.SH,20251110
000935.SZ,20251111
002339.SZ,20251111
300066.SZ,20251111
300069.SZ,20251111
300263.SZ,20251111
300959.SZ,20251111
300997.SZ,20251111
301626.SZ,20251111
600067.SH,20251111
600094.SH,20251111
600103.SH,20251111
600206.SH,20251111
600702.SH,20251111
600810.SH,20251111
603212.SH,20251111
603396.SH,20251111
603938.SH,20251111
605337.SH,20251111
000061.SZ,20251112
002053.SZ,20251112
002218.SZ,20251112
002374.SZ,20251112
002907.SZ,20251112
300164.SZ,20251112
300191.SZ,20251112
300289.SZ,20251112
300388.SZ,20251112
300753.SZ,20251112
300858.SZ,20251112
301305.SZ,20251112
600737.SH,20251112
603758.SH,20251112
000973.SZ,20251113
001298.SZ,20251113
002250.SZ,20251113
002309.SZ,20251113
002326.SZ,20251113
002451.SZ,20251113
300037.SZ,20251113
300350.SZ,20251113
300937.SZ,20251113
301118.SZ,20251113
301193.SZ,20251113
301238.SZ,20251113
600429.SH,20251113
603655.SH,20251113
603867.SH,20251113
603948.SH,20251113
000407.SZ,20251114
000632.SZ,20251114
000633.SZ,20251114
000692.SZ,20251114
000955.SZ,20251114
001203.SZ,20251114
001266.SZ,20251114
002083.SZ,20251114
002780.SZ,20251114
002805.SZ,20251114
002893.SZ,20251114
300483.SZ,20251114
300497.SZ,20251114
300867.SZ,20251114
301019.SZ,20251114
600152.SH,20251114
600167.SH,20251114
600408.SH,20251114
600829.SH,20251114
600903.SH,20251114
603778.SH,20251114
002020.SZ,20251117
300095.SZ,20251117
300589.SZ,20251117
300875.SZ,20251117
301150.SZ,20251117
600097.SH,20251117
600467.SH,20251117
600698.SH,20251117
600829.SH,20251117
603668.SH,20251117
603817.SH,20251117
000407.SZ,20251118
002404.SZ,20251118
002682.SZ,20251118
002715.SZ,20251118
301201.SZ,20251118
301566.SZ,20251118
600577.SH,20251118
000547.SZ,20251119
001216.SZ,20251119
300452.SZ,20251119
301233.SZ,20251119
000065.SZ,20251120
600601.SH,20251120
603002.SH,20251120
605399.SH,20251120
000798.SZ,20251124
605136.SH,20251125
000566.SZ,20251126
002413.SZ,20251126
300902.SZ,20251127
603353.SH,20251128
000878.SZ,20251201
000975.SZ,20251201
001318.SZ,20251201
002157.SZ,20251201
002166.SZ,20251201
002233.SZ,20251201
002277.SZ,20251201
002297.SZ,20251201
002544.SZ,20251201
002625.SZ,20251201
002695.SZ,20251201
002716.SZ,20251201
002839.SZ,20251201
300102.SZ,20251201
300952.SZ,20251201
301109.SZ,20251201
600362.SH,20251201
600879.SH,20251201
601212.SH,20251201
601369.SH,20251201
601717.SH,20251201
603682.SH,20251201
603758.SH,20251201
603967.SH,20251201
000703.SZ,20251202
002983.SZ,20251202
300903.SZ,20251202
300913.SZ,20251202
601188.SH,20251202
000735.SZ,20251203
002353.SZ,20251203
002444.SZ,20251203
300269.SZ,20251203
300596.SZ,20251203
300819.SZ,20251203
300889.SZ,20251203
301148.SZ,20251203
600829.SH,20251203
000078.SZ,20251204
000630.SZ,20251204
000692.SZ,20251204
000838.SZ,20251204
000923.SZ,20251204
001211.SZ,20251204
002107.SZ,20251204
002300.SZ,20251204
600467.SH,20251204
601168.SH,20251204
603696.SH,20251204
603979.SH,20251204
002682.SZ,20251205
600151.SH,20251205
601399.SH,20251205
001219.SZ,20250624
002889.SZ,20250630
000900.SZ,20250701
002001.SZ,20250702
600583.SH,20250702
300883.SZ,20250708
301006.SZ,20250709
603700.SH,20250709
600323.SH,20250715
603661.SH,20250716
601225.SH,20250718
601898.SH,20250718
002523.SZ,20250721
600019.SH,20250721
600039.SH,20250721
600352.SH,20250721
601700.SH,20250721
603315.SH,20250721
603387.SH,20250721
603568.SH,20250721
600380.SH,20250722
600115.SH,20250723
601021.SH,20250723
601111.SH,20250723
000683.SZ,20250725
002142.SZ,20250725
300112.SZ,20250728
000915.SZ,20250804
300615.SZ,20250805
301106.SZ,20250805
000902.SZ,20250806
002377.SZ,20250807
002972.SZ,20250811
300352.SZ,20250814
603273.SH,20250814
600298.SH,20250815
300845.SZ,20250818
600795.SH,20250819
300259.SZ,20250822
603187.SH,20250822
300329.SZ,20250825
300375.SZ,20250825
601888.SH,20250825
002831.SZ,20250827
002270.SZ,20250829
300132.SZ,20250829
300988.SZ,20250829
600690.SH,20250829
603610.SH,20250829
002763.SZ,20250901
301539.SZ,20250908
600594.SH,20250908
002330.SZ,20250915
300750.SZ,20250915
601088.SH,20250916
600060.SH,20250925
002204.SZ,20250930
000597.SZ,20251009
301167.SZ,20251009
600075.SH,20251009
600483.SH,20251009
601061.SH,20251009
601600.SH,20251009
601678.SH,20251009
300512.SZ,20251010
600066.SH,20251010
601611.SH,20251010
000157.SZ,20251014
002884.SZ,20251014
601319.SH,20251014
601919.SH,20251014
000726.SZ,20251015
601628.SH,20251016
000766.SZ,20251017
001228.SZ,20251020
002829.SZ,20251020
000850.SZ,20251021
300834.SZ,20251021
000637.SZ,20251022
000928.SZ,20251022
002588.SZ,20251022
300557.SZ,20251022
600185.SH,20251022
600871.SH,20251022
000852.SZ,20251023
002243.SZ,20251023
002337.SZ,20251023
600938.SH,20251023
601857.SH,20251023
001218.SZ,20251024
002151.SZ,20251024
002454.SZ,20251024
300739.SZ,20251024
600710.SH,20251024
603160.SH,20251024
603856.SH,20251024
000543.SZ,20251027
002378.SZ,20251027
002690.SZ,20251027
300054.SZ,20251027
301097.SZ,20251027
301287.SZ,20251027
600801.SH,20251027
600805.SH,20251027
000421.SZ,20251028
300219.SZ,20251028
300771.SZ,20251028
301170.SZ,20251028
301223.SZ,20251028
600029.SH,20251028
600195.SH,20251028
600269.SH,20251028
600346.SH,20251028
600361.SH,20251028
001288.SZ,20251029
002004.SZ,20251029
002552.SZ,20251029
300140.SZ,20251029
300283.SZ,20251029
300415.SZ,20251029
300573.SZ,20251029
600011.SH,20251029
600572.SH,20251029
601318.SH,20251029
603739.SH,20251029
002314.SZ,20251030
301279.SZ,20251030
600295.SH,20251030
600300.SH,20251030
600507.SH,20251030
600575.SH,20251030
600989.SH,20251030
601808.SH,20251030
603997.SH,20251030
605305.SH,20251030
002489.SZ,20251031
600166.SH,20251031
600329.SH,20251031
603190.SH,20251031
003008.SZ,20251103
600444.SH,20251103
605155.SH,20251103
300402.SZ,20251104
000338.SZ,20251106
000809.SZ,20251106
001286.SZ,20251106
300775.SZ,20251106
600089.SH,20251106
002170.SZ,20251107
000830.SZ,20251110
001209.SZ,20251110
002091.SZ,20251110
603663.SH,20251110
301305.SZ,20251112
600113.SH,20251112
300350.SZ,20251113
001217.SZ,20251125
600288.SH,20251125
600489.SH,20251125
605005.SH,20251125
000612.SZ,20251201
000672.SZ,20251201
000708.SZ,20251201
002159.SZ,20251201
300929.SZ,20251201
600497.SH,20251201
601369.SH,20251201
603787.SH,20251201
301012.SZ,20251208
301198.SZ,20251208
600230.SH,20251208
600372.SH,20251208
600859.SH,20251208
601211.SH,20251208
600875.SH,20251211
601226.SH,20251211
002309.SZ,20251212